,nome
1	Silva
2	Santos
3	Ferreira
4	Pereira
5	Oliveira
6	Costa
7	Rodrigues
8	Martins
9	Jesus
10	Sousa
11	Fernandes
12	Gonçalves
13	Gomes
14	Lopes
15	Marques
16	Alves
17	Almeida
18	Ribeiro
19	Pinto
20	Carvalho
21	Teixeira
22	Moreira
23	Correia
24	Mendes
25	Nunes
26	Soares
27	Vieira
28	Monteiro
29	Cardoso
30	Rocha
31	Raposo
32	Neves
33	Coelho
34	Cruz
35	Cunha
36	Pires
37	Ramos
38	Reis
39	Simões
40	Antunes
41	Matos
42	Fonseca
43	Machado
44	Araújo
45	Barbosa
46	Tavares
47	Lourenço
48	Castro
49	Figueiredo
50	Azevedo
51	Freitas
52	Magalhães
53	Henriques
54	Lima
55	Guerreiro
56	Batista
57	Pinheiro
58	Faria
59	Miranda
60	Barros
61	Morais
62	Nogueira
63	Esteves
64	Anjos
65	Baptista
66	Campos
67	Mota
68	Andrade
69	Brito
70	Sá
71	Nascimento
72	Leite
73	Abreu
74	Borges
75	Melo
76	Vaz
77	Pinho
78	Vicente
79	Gaspar
80	Assunção
81	Maia
82	Moura
83	Valente
84	Domingues
85	Garcia
86	Carneiro
87	Loureiro
88	Neto
89	Amaral
90	Branco
91	Leal
92	Pacheco
93	Macedo
94	Paiva
95	Matias
96	Amorim
97	Torres